path,current_bytes,current_sha256,method,limits_and_result,findings
.gitattributes,164,05b777ed91bb1104a6b2ece4c04da8c15764d34af2192fb232f8ff61ab1ff423,"Текстовый просмотр/поиск, SHA-256",Область проверки указана в отчёте,
.gitignore,244,c96c4b0fafe562811c531f447ae1267b73d97592fb7925b8029d7c8e6a432f49,"Текстовый просмотр/поиск, SHA-256",Область проверки указана в отчёте,
README.md,4269,694cdac9c3885da96145ae93c0f53e13f353f0edc6c0908db42188506567078e,"Текстовый просмотр/поиск, SHA-256",Область проверки указана в отчёте,
app/.gitignore,6,5c3174b74edc6f2b9e0743594b8bd3c7f31e4f4405758cc9872b3fe1de1d28b4,"Текстовый просмотр/поиск, SHA-256",Область проверки указана в отчёте,
app/build.gradle.kts,6646,f1960cee72cb708da0dfb2b128b543c199e6cb3bb7b88def7b402287a9308a38,"Текстовый просмотр/поиск, SHA-256",Область проверки указана в отчёте,
app/proguard-rules.pro,898,9dfd0b5c3173b7938b1ecff2edd80fa1576a20acb6152069c7fd5075c0fb33f8,"Текстовый просмотр/поиск, SHA-256",Область проверки указана в отчёте,
app/src/androidTest/java/com/cryonum/ContentDownloadUiTests.kt,3369,ef3f11ae19465b4641161f9de0770109e8036340f2fa2de961d46b419b1ee3ef,"Статический поиск, компиляция/тесты согласно logs",Не означает построчное ревью или сквозной тест,
app/src/androidTest/java/com/cryonum/ExampleInstrumentedTest.kt,663,34f2e75bf66ee6602a926692c94e1bdba261f0542f97fedd0503e0bedb299b2f,"Статический поиск, компиляция/тесты согласно logs",Не означает построчное ревью или сквозной тест,
app/src/androidTest/java/com/cryonum/SecurityAuditTests.kt,1617,880aba1008574ad063d17971c9e5bf3a06a3611eed359156755e1869772f66d6,"Статический поиск, компиляция/тесты согласно logs",Не означает построчное ревью или сквозной тест,SEC-01–03
app/src/androidTest/java/com/cryonum/SettingsInstrumentedTests.kt,1417,1ea608fbb70608262113a964271a5f2cee491141e98d253725c2b42ce116e66f,"Статический поиск, компиляция/тесты согласно logs",Не означает построчное ревью или сквозной тест,
app/src/main/AndroidManifest.xml,5224,6d9e54e897b4dc92377aecb77ef3679fc2b8aa3f1de4559d6fb18ad8459ba9b9,"XML parser, поиск атрибутов и ссылок",XML корректен; внешний вид/TalkBack не проверены,
app/src/main/ic_launcher-playstore.png,153673,87d33d6990c9657cef023751bc9efb45fbb8500b17042917a0e2876c60de5b51,"Декодирование Pillow, SHA-256",Структура изображения читается; визуальный QA не выполнен,
app/src/main/java/com/cryonum/MyApplicationInfo.kt,2498,d344686e44f7e9be036534c9349ed359fb9d881785548314c6a668f857e89fc9,"Статический поиск, компиляция/тесты согласно logs",Не означает построчное ревью или сквозной тест,SEC-01–03
app/src/main/java/com/cryonum/activity/ActivityAbout.kt,5319,ca40279dc82df568a1d724e5281381ace8d28265f620f3e1de5429aaf7051567,"Статический поиск, компиляция/тесты согласно logs",Не означает построчное ревью или сквозной тест,
app/src/main/java/com/cryonum/activity/ActivityAnalytics.kt,1915,24e87bf4aa3b6fa94f1167ccc34968ec911e4742d3bb421a3fd8d88572cfa3c0,"Статический поиск, компиляция/тесты согласно logs",Не означает построчное ревью или сквозной тест,PRIV-01–03
app/src/main/java/com/cryonum/activity/ActivityCalculator.kt,7773,3b69996c0ceddd5d18c71b7edc7e6a8abfc52de4cfb811836f6ca4b4715a86c1,"Статический поиск, компиляция/тесты согласно logs",Не означает построчное ревью или сквозной тест,CALC-01–06
app/src/main/java/com/cryonum/activity/ActivityHelpCenter.kt,3488,59e0f087bf8cdc7c2a58d01851296ed83901b7ba8803611289691c898b7738e5,"Статический поиск, компиляция/тесты согласно logs",Не означает построчное ревью или сквозной тест,
app/src/main/java/com/cryonum/activity/ActivityHistory.kt,6083,94d1ff4bd892204fce3c3a7be31fb06bcb3d8d1a2e4aa78a11d5436c421345b0,"Статический поиск, компиляция/тесты согласно logs",Не означает построчное ревью или сквозной тест,DATA-01; DATA-02
app/src/main/java/com/cryonum/activity/ActivityLanguage.kt,2187,3c324ef5bb90a82e2d16999995769513aa3bd8add5656eb01374e7893494ce22,"Статический поиск, компиляция/тесты согласно logs",Не означает построчное ревью или сквозной тест,
app/src/main/java/com/cryonum/activity/ActivityPartners.kt,1588,15d4d1202e8d4683f6427c314b514f7af8bc5bc5fb87368079fdde62edd842fb,"Статический поиск, компиляция/тесты согласно logs",Не означает построчное ревью или сквозной тест,
app/src/main/java/com/cryonum/activity/ActivityReferenceMaterial.kt,7222,38bea417fb96ea4bf4a5e08e2110688bc61bda89015d47ebbea43c27141da440,"Статический поиск, компиляция/тесты согласно logs",Не означает построчное ревью или сквозной тест,
app/src/main/java/com/cryonum/activity/ActivityResult.kt,2071,4acd4e7e753216927a3b8a39be082923d193ea90aea015352e2c3cf99246e969,"Статический поиск, компиляция/тесты согласно logs",Не означает построчное ревью или сквозной тест,
app/src/main/java/com/cryonum/activity/ActivitySchedule.kt,1201,094b4a1e8212029d01dc60ee52b44667ddda1ff52643695581f36d3225f4224b,"Статический поиск, компиляция/тесты согласно logs",Не означает построчное ревью или сквозной тест,
app/src/main/java/com/cryonum/activity/ActivitySecurity.kt,12680,5e64d3cea88f66d47ab4dc6b1c36cd65f69119d127b97502c8c0bcdf5a8f55cc,"Статический поиск, компиляция/тесты согласно logs",Не означает построчное ревью или сквозной тест,SEC-01–03
app/src/main/java/com/cryonum/activity/ActivitySettings.kt,3103,e4c09a8f5462c30fbada309736f749cdb49918e8f9a2bde0bac481f876eb8349,"Статический поиск, компиляция/тесты согласно logs",Не означает построчное ревью или сквозной тест,
app/src/main/java/com/cryonum/activity/ActivitySubstitutions.kt,9934,a15d312ec4d18d3b8e50878b52c698a8aaf3d24daa697db19358ba3c79c9f9c9,"Статический поиск, компиляция/тесты согласно logs",Не означает построчное ревью или сквозной тест,MATH-01; OCR-01
app/src/main/java/com/cryonum/activity/ActivityThemeSelection.kt,2259,5ee72bde78cbe8d231fc1032afec03aa3861f950d4e746d1491e826323d44631,"Статический поиск, компиляция/тесты согласно logs",Не означает построчное ревью или сквозной тест,
app/src/main/java/com/cryonum/activity/SplashActivity.kt,2780,c780b583d4d77b9e4a4a28ed9ccb6d129623529525330df96013d7de585cef05,"Статический поиск, компиляция/тесты согласно logs",Не означает построчное ревью или сквозной тест,
app/src/main/java/com/cryonum/calculator/CalculatorEngine.kt,16617,b8d26ab6365b859f9e196719671156d0faf1b25f6ff943174c6e3e016cbcd396,"Статический поиск, компиляция/тесты согласно logs",Не означает построчное ревью или сквозной тест,CALC-01–06
app/src/main/java/com/cryonum/calculator/CalculatorViewModel.kt,2326,b27fbc22b388aa92c9b263fe06d2e8096c794952b82c76c8669c8bf7c41fac4c,"Статический поиск, компиляция/тесты согласно logs",Не означает построчное ревью или сквозной тест,CALC-01–06
app/src/main/java/com/cryonum/content/ApprovedContentService.kt,4318,1b9c2d926d452c7178488f64e71e219c0d9e3ac34831cdaca1f77df5722e1b6b,"Статический поиск, компиляция/тесты согласно logs",Не означает построчное ревью или сквозной тест,CONTENT-01–05
app/src/main/java/com/cryonum/content/ApprovedContentUrlPolicy.kt,3001,58dbcf8c1e179e4f055557dc09e3b5919a8e16492a35649c8b5d201f9f4aef77,"Статический поиск, компиляция/тесты согласно logs",Не означает построчное ревью или сквозной тест,CONTENT-01–05
app/src/main/java/com/cryonum/content/CancellableHttp.kt,634,24bcf93e756ca4e46b68e2eabdd0d032657664f75cf3be1b8f7b2ff772ec748f,"Статический поиск, компиляция/тесты согласно logs",Не означает построчное ревью или сквозной тест,CONTENT-01–05
app/src/main/java/com/cryonum/content/ContentDependencies.kt,2318,ee39071ec99fe344a17ca16be1094169533fc5b3aac3cf90aed5818be2cea309,"Статический поиск, компиляция/тесты согласно logs",Не означает построчное ревью или сквозной тест,CONTENT-01–05
app/src/main/java/com/cryonum/content/ContentDownloadCoordinator.kt,1847,073accc9ef514b4e6f2bfee0424d08702f7abe1b20372bde108207ae16647d8a,"Статический поиск, компиляция/тесты согласно logs",Не означает построчное ревью или сквозной тест,CONTENT-01–05
app/src/main/java/com/cryonum/content/ContentDownloadRepository.kt,13478,32669636cf9df0c5fa684f7c91b726ac4a703744b39f975869b6c677d204c0b4,"Статический поиск, компиляция/тесты согласно logs",Не означает построчное ревью или сквозной тест,CONTENT-01–05
app/src/main/java/com/cryonum/content/ContentDownloadUiState.kt,1223,1f401fbf7870e83ad572694a7f081925b7f2f3cb5373673bb3381eb87f412c0e,"Статический поиск, компиляция/тесты согласно logs",Не означает построчное ревью или сквозной тест,CONTENT-01–05
app/src/main/java/com/cryonum/content/ContentDownloadViewModel.kt,12074,85f615f8c2ff6a8f6032161791bfe27913e1bb8e832feabd1de3b4b7a37dd5b4,"Статический поиск, компиляция/тесты согласно logs",Не означает построчное ревью или сквозной тест,CONTENT-01–05
app/src/main/java/com/cryonum/content/ContentDownloadWorker.kt,6046,e3ed992986f70a117ef7d0e9191ba9bc86d57c30cfc2c30281dad39ab4c5bff4,"Статический поиск, компиляция/тесты согласно logs",Не означает построчное ревью или сквозной тест,CONTENT-01–05
app/src/main/java/com/cryonum/content/ContentHttpValidator.kt,3630,b157fe9e84ceedcb3831a3d39cffb8b11ad9f9dcf91a27aef6045923fb863e2a,"Статический поиск, компиляция/тесты согласно logs",Не означает построчное ревью или сквозной тест,CONTENT-01–05
app/src/main/java/com/cryonum/content/ContentIntegrityVerifier.kt,348,a28e0fcd04e41a27276723ffad877601c3edcc9bcd4d0ac73fbc59d51194f880,"Статический поиск, компиляция/тесты согласно logs",Не означает построчное ревью или сквозной тест,CONTENT-01–05
app/src/main/java/com/cryonum/content/ContentManifestModels.kt,1652,7e8174da16b81c4fb0e94b42c0f1191b1b8ab7955b1eb7c3ca22bb41986f1bdc,"Статический поиск, компиляция/тесты согласно logs",Не означает построчное ревью или сквозной тест,CONTENT-01–05
app/src/main/java/com/cryonum/content/ContentMetadataStore.kt,1929,a478649b1cd7f534070058edae164ab956bd4cae2721582de9d714554fb77a1e,"Статический поиск, компиляция/тесты согласно logs",Не означает построчное ревью или сквозной тест,CONTENT-01–05
app/src/main/java/com/cryonum/content/ContentStorage.kt,8295,a36f854f703f3a906f9f622dcd179db40eaf599abb5ea2dba0f71e609971b29b,"Статический поиск, компиляция/тесты согласно logs",Не означает построчное ревью или сквозной тест,CONTENT-01–05
app/src/main/java/com/cryonum/content/PolicyConfigModels.kt,6233,706a5ccf58a5e14c02452e946ba69773a9f2c5400b5e246cc9045def69c957b3,"Статический поиск, компиляция/тесты согласно logs",Не означает построчное ревью или сквозной тест,CONTENT-01–05
app/src/main/java/com/cryonum/content/PolicyConfigService.kt,3151,5323b31409d43d13c84bd7083fe579a98e1a180d50d33d7df51fc9c63856ca5c,"Статический поиск, компиляция/тесты согласно logs",Не означает построчное ревью или сквозной тест,CONTENT-01–05
app/src/main/java/com/cryonum/content/PolicyUpdateCoordinator.kt,2234,57171c3a621860bcba3f5bee97c1f1a32075f5addc3a2aaea3320ab24edeec30,"Статический поиск, компиляция/тесты согласно logs",Не означает построчное ревью или сквозной тест,CONTENT-01–05
app/src/main/java/com/cryonum/content/PolicyUpdateStore.kt,1495,3d2821d3bfb7f58aac8e27d3dfe96c44cdf9205966ef7c46df5e66d830e41d9f,"Статический поиск, компиляция/тесты согласно logs",Не означает построчное ревью или сквозной тест,CONTENT-01–05
app/src/main/java/com/cryonum/content/PolicyUpdateWorker.kt,1982,0a2c4ba7cf282849ddf80aac98cd769b2d9e4fb8469459efbc44024f4161a53b,"Статический поиск, компиляция/тесты согласно logs",Не означает построчное ревью или сквозной тест,CONTENT-01–05
app/src/main/java/com/cryonum/content/ProductionContentKeys.kt,859,ccfcf4de00befef43f54164b20c1807b59179a497c7a383fa36a71acd0a36f4d,"Статический поиск, компиляция/тесты согласно logs",Не означает построчное ревью или сквозной тест,CONTENT-01–05
app/src/main/java/com/cryonum/content/SignedContentManifestVerifier.kt,8534,fa865bb3394e7e24fea85b6c19836bdc429217741f08aa238849037397e08448,"Статический поиск, компиляция/тесты согласно logs",Не означает построчное ревью или сквозной тест,CONTENT-01–05
app/src/main/java/com/cryonum/items/HistoryItem.kt,1635,e8d20a2d68c5ea634c5d22f338024a7c890391b97d7ce7bb52d33097804751b9,"Статический поиск, компиляция/тесты согласно logs",Не означает построчное ревью или сквозной тест,DATA-01; DATA-02
app/src/main/java/com/cryonum/items/ItemType.kt,76,ca43c3004f6810718943d25a40eff40735b094ab004669f0f69debaed12d30b3,"Статический поиск, компиляция/тесты согласно logs",Не означает построчное ревью или сквозной тест,
app/src/main/java/com/cryonum/items/LanguageItem.kt,322,801c72aa02b672439033e23eb726240dc38bb194a1f868f9b1c2677355557858,"Статический поиск, компиляция/тесты согласно logs",Не означает построчное ревью или сквозной тест,
app/src/main/java/com/cryonum/items/LectureId.kt,693,1417ac67ef92167e9bbfe422f87d56629cacf8bd92605b72c4f5b071e380b36c,"Статический поиск, компиляция/тесты согласно logs",Не означает построчное ревью или сквозной тест,
app/src/main/java/com/cryonum/items/ReferenceItem.kt,149,52f25d1bb357ed80383156e89748d58af7df979a8819383b467e4f78cc595294,"Статический поиск, компиляция/тесты согласно logs",Не означает построчное ревью или сквозной тест,
app/src/main/java/com/cryonum/items/ThemeItem.kt,185,e73649e7b22d8f319ccdfc40ffc8862683afcab90d9127062157416573465eff,"Статический поиск, компиляция/тесты согласно logs",Не означает построчное ревью или сквозной тест,
app/src/main/java/com/cryonum/links/RemoteLinksModels.kt,4345,cb53c2dc06c34871750c39248a21808dae52eb575e436b671fd4c36381d6439a,"Статический поиск, компиляция/тесты согласно logs",Не означает построчное ревью или сквозной тест,
app/src/main/java/com/cryonum/links/RemoteLinksRepository.kt,1004,1d139c23c61328ecfcd19590f98449f28ed70bb93383c948c5d272b3f8971af0,"Статический поиск, компиляция/тесты согласно logs",Не означает построчное ревью или сквозной тест,
app/src/main/java/com/cryonum/links/RemoteLinksService.kt,2610,ff58a58912e21a90bda39fd831f5704cc833366cee11071566e3d1646100f228,"Статический поиск, компиляция/тесты согласно logs",Не означает построчное ревью или сквозной тест,
app/src/main/java/com/cryonum/links/RemoteLinksStore.kt,1674,13cfe140d06b1c79cce2e601d55c7127ef4e334bd87fbe8d4cae6c702a1b2ac7,"Статический поиск, компиляция/тесты согласно logs",Не означает построчное ревью или сквозной тест,
app/src/main/java/com/cryonum/managers/AnalyticsManager.kt,9711,966343a27e6c5df1d2b77a801da76b7fa58910fbd74bc3eeb33f3e7c97e3e969,"Статический поиск, компиляция/тесты согласно logs",Не означает построчное ревью или сквозной тест,PRIV-01–03
app/src/main/java/com/cryonum/managers/AppLockObserver.kt,1649,b63b3bb6580b733d11561b7a726b18db529019248a623948a9468a07101a0181,"Статический поиск, компиляция/тесты согласно logs",Не означает построчное ревью или сквозной тест,SEC-01–03
app/src/main/java/com/cryonum/managers/ContentConfig.kt,241,27ec2b287678bf321e6415f3c53a428ee40214390c1189ec279d8b452c45bfcd,"Статический поиск, компиляция/тесты согласно logs",Не означает построчное ревью или сквозной тест,
app/src/main/java/com/cryonum/managers/HistoryManager.kt,3267,a7eaa3844f46b8815197a066a7b0729ef80b595325c0a15ba63cfb36afec15e2,"Статический поиск, компиляция/тесты согласно logs",Не означает построчное ревью или сквозной тест,DATA-01; DATA-02
app/src/main/java/com/cryonum/managers/ImagePicker.kt,11240,f42f276a6e36ca24231d74acc330c23eb1cd0cad2ef957c41bac4233cb1b4bac,"Статический поиск, компиляция/тесты согласно logs",Не означает построчное ревью или сквозной тест,MATH-01; OCR-01
app/src/main/java/com/cryonum/managers/LocaleManager.kt,10052,8fc8e209abefc757972a33aad285b83c9cc0da103cc66a32bf4a473bf4807799,"Статический поиск, компиляция/тесты согласно logs",Не означает построчное ревью или сквозной тест,
app/src/main/java/com/cryonum/managers/OrientationManager.kt,5652,07880eade768f5923361a21881a344f81e2fc5faae066046a1496b4744e49dfb,"Статический поиск, компиляция/тесты согласно logs",Не означает построчное ревью или сквозной тест,
app/src/main/java/com/cryonum/managers/PolicyManager.kt,9293,9ac8c1ca71be7482b590f0572c997e01f94bb60727204eddeb565080b0d64003,"Статический поиск, компиляция/тесты согласно logs",Не означает построчное ревью или сквозной тест,
app/src/main/java/com/cryonum/managers/SecurityManager.kt,13619,d652ac3d724f402ec075efd999d148c251ebb24f443162fa23e62f22a84cb689,"Статический поиск, компиляция/тесты согласно logs",Не означает построчное ревью или сквозной тест,SEC-01–03
app/src/main/java/com/cryonum/managers/SystemUiManager.kt,1125,e6aa4ccd935ecb1c06cc4ecd99827c6e297b9bb73531c138435ce43a0bd7e2c2,"Статический поиск, компиляция/тесты согласно logs",Не означает построчное ревью или сквозной тест,
app/src/main/java/com/cryonum/managers/ThemeManager.kt,5828,c39b713a82b934db05ce38d7749d667f46aa6a83cabf0c946ffb221027b5a8c0,"Статический поиск, компиляция/тесты согласно logs",Не означает построчное ревью или сквозной тест,
app/src/main/java/com/cryonum/math/PermutationUtils.kt,1850,fb7844a0b99a10ba56d7f01292bc23acf818cb1d5595baeb97f4d922438e84c4,"Статический поиск, компиляция/тесты согласно logs",Не означает построчное ревью или сквозной тест,MATH-01; OCR-01
app/src/main/java/com/cryonum/pdf/ActivityPdfViewer.kt,3524,e6b974aa158ff3b637a5a9559368e6cd0f1d6e75e7899ce00c7077377b7d2f4c,"Статический поиск, компиляция/тесты согласно logs",Не означает построчное ревью или сквозной тест,PERF-01
app/src/main/java/com/cryonum/pdf/PdfRenderBudget.kt,431,d034942f6a2fc57b161d5a6e01ca0998ff4e3e356120cd5f275101fa94417d93,"Статический поиск, компиляция/тесты согласно logs",Не означает построчное ревью или сквозной тест,PERF-01
app/src/main/java/com/cryonum/pdf/PdfViewerScreen.kt,14269,b78cd9fff241ff8dff7853ef33c6b73032da622dcda51d85ccab6f70f6a1a0d9,"Статический поиск, компиляция/тесты согласно logs",Не означает построчное ревью или сквозной тест,PERF-01
app/src/main/java/com/cryonum/pdf/ScreenProtection.kt,398,41d657d73227f43bd6ad210ba6dd7912a27492b3f9fde7b6f65f505d93df6e9e,"Статический поиск, компиляция/тесты согласно logs",Не означает построчное ревью или сквозной тест,PERF-01
app/src/main/java/com/cryonum/pdf/ZoomableTwoDScrollView.kt,4454,7069a1ab5d9ede5385b21d0b2009c519bc2a5b2f2c9eb4d09f0d490359701226,"Статический поиск, компиляция/тесты согласно logs",Не означает построчное ревью или сквозной тест,PERF-01
app/src/main/java/com/cryonum/ui/activity/AboutScreen.kt,8844,58f4b6cd48864db4d2e2c00e011d73713ccbe54570f498cca588c936f5739afa,"Статический поиск, компиляция/тесты согласно logs",Не означает построчное ревью или сквозной тест,
app/src/main/java/com/cryonum/ui/activity/AnalyticsScreen.kt,7543,1b0d766b68c4916a5caa6893265c3360d53334e281f31213dac36a24464525ec,"Статический поиск, компиляция/тесты согласно logs",Не означает построчное ревью или сквозной тест,PRIV-01–03
app/src/main/java/com/cryonum/ui/activity/CalculatorScreen.kt,8868,921b963c66ce2a38af5b9a3c14c633dd1f30df6ce32f169a918a2561ca22da11,"Статический поиск, компиляция/тесты согласно logs",Не означает построчное ревью или сквозной тест,CALC-01–06
app/src/main/java/com/cryonum/ui/activity/HelpCenterScreen.kt,7052,e5dbf3f08d8f159e9b1248fce202570395d6ba90858dd7ff19953a0dfb9dea31,"Статический поиск, компиляция/тесты согласно logs",Не означает построчное ревью или сквозной тест,
app/src/main/java/com/cryonum/ui/activity/HistoryScreen.kt,16127,8e81b08e6b93de35e79031435eecd520df721124ca242e837929e7a631efcf7c,"Статический поиск, компиляция/тесты согласно logs",Не означает построчное ревью или сквозной тест,DATA-01; DATA-02
app/src/main/java/com/cryonum/ui/activity/LanguageScreen.kt,6284,f9df8d1df641a22ffc4c6e69aad71000186898bfcab87061f9865bc32a5a1346,"Статический поиск, компиляция/тесты согласно logs",Не означает построчное ревью или сквозной тест,
app/src/main/java/com/cryonum/ui/activity/PartnersScreen.kt,8204,2ed0c7b3a3a5aa9a55fd42a04d30d6cc1252f7a519d0eb33e998543f78b4cd52,"Статический поиск, компиляция/тесты согласно logs",Не означает построчное ревью или сквозной тест,
app/src/main/java/com/cryonum/ui/activity/ReferenceMaterialScreen.kt,12123,058dbd14edbfa2c7f1d5cf26a25f723af2ab779cd12449c003c447224af5b57a,"Статический поиск, компиляция/тесты согласно logs",Не означает построчное ревью или сквозной тест,
app/src/main/java/com/cryonum/ui/activity/ResultScreen.kt,3954,8041fef81da800539d9dfc5f497496b369d42437d5959026ec35a63b4490be4a,"Статический поиск, компиляция/тесты согласно logs",Не означает построчное ревью или сквозной тест,
app/src/main/java/com/cryonum/ui/activity/ScheduleScreen.kt,3452,f644a47ecc96873a158f7ff2d74cc90c725318f474a85e7b8314036e4e787248,"Статический поиск, компиляция/тесты согласно logs",Не означает построчное ревью или сквозной тест,
app/src/main/java/com/cryonum/ui/activity/SecurityScreen.kt,13438,4759ce3a670ba556eae0da75be2d2d1f4ccdaa85f24b9228991e732ffe6e7a58,"Статический поиск, компиляция/тесты согласно logs",Не означает построчное ревью или сквозной тест,SEC-01–03
app/src/main/java/com/cryonum/ui/activity/SettingsScreen.kt,5892,942613827059844cc07eafca0a35c983e5b15c9404447b3d863d7c77cb36bbaf,"Статический поиск, компиляция/тесты согласно logs",Не означает построчное ревью или сквозной тест,
app/src/main/java/com/cryonum/ui/activity/SplashScreen.kt,1782,045d84d4b50d4f319619758df4c7e5d2f6a664900b26b42d61fb85ba11676272,"Статический поиск, компиляция/тесты согласно logs",Не означает построчное ревью или сквозной тест,
app/src/main/java/com/cryonum/ui/activity/SubstitutionsScreen.kt,11873,56dd2f7f9c26926d7782b8bb23e573aedac7fa0b8696496765b7d192b605ac73,"Статический поиск, компиляция/тесты согласно logs",Не означает построчное ревью или сквозной тест,MATH-01; OCR-01
app/src/main/java/com/cryonum/ui/activity/ThemeSelectionScreen.kt,6967,cec66239df4dc0953abebbc396cd7f0d3866fbef0f3ef84fc299581e93c0157b,"Статический поиск, компиляция/тесты согласно logs",Не означает построчное ревью или сквозной тест,
app/src/main/java/com/cryonum/ui/colors/DarkColors.kt,2996,dedc6036a8ae86b377e90b4caa8caee28a5c23816454d3b9c018f6ad1af537b5,"Статический поиск, компиляция/тесты согласно logs",Не означает построчное ревью или сквозной тест,
app/src/main/java/com/cryonum/ui/colors/LightColors.kt,2139,bca2ff16da9b20ba9d33772860f2d7f31ca4e2031f773ad2d29c4c26a7058743,"Статический поиск, компиляция/тесты согласно logs",Не означает построчное ревью или сквозной тест,
app/src/main/java/com/cryonum/ui/components/dialogs/ContentDownloadDialogs.kt,10641,10841cb3a7b567b3a82ca258eeb2cb779bb94433091c36345d1a1d76270e3afc,"Статический поиск, компиляция/тесты согласно logs",Не означает построчное ревью или сквозной тест,
app/src/main/java/com/cryonum/ui/components/dialogs/DeleteHistoryDialog.kt,3984,93aa9205822622e64612d0aa23df653ff96c5cc2939d36a896339f46f97c1a70,"Статический поиск, компиляция/тесты согласно logs",Не означает построчное ревью или сквозной тест,DATA-01; DATA-02
app/src/main/java/com/cryonum/ui/components/dialogs/FinalDeclineDialog.kt,3543,47ae6ed38d169888c55e84ce20e90e8496bb8b2c5affdbbc49c9113afda4a460,"Статический поиск, компиляция/тесты согласно logs",Не означает построчное ревью или сквозной тест,
app/src/main/java/com/cryonum/ui/components/dialogs/FirstLaunchPolicyDialog.kt,4390,0c5132116381119cea532b8fa2def8549c601ed9c08494b06f07f49eb81f3fe5,"Статический поиск, компиляция/тесты согласно logs",Не означает построчное ревью или сквозной тест,
app/src/main/java/com/cryonum/ui/components/dialogs/PolicyDialogContent.kt,4169,b7d63bb7a179b406c8cffd11a77dbea77d0580bbb200b66c9628ce265e7a97ec,"Статический поиск, компиляция/тесты согласно logs",Не означает построчное ревью или сквозной тест,
app/src/main/java/com/cryonum/ui/components/dialogs/SubstitutionsInputMethodDialog.kt,5542,479ed8599b99b068124cfc5567695bdef90e7787f7a7765656c6c3c8caa801b3,"Статический поиск, компиляция/тесты согласно logs",Не означает построчное ревью или сквозной тест,MATH-01; OCR-01
app/src/main/java/com/cryonum/ui/components/dialogs/SubstitutionsMaxValueDialog.kt,6558,6f76a65c2f98a00a31357761024a21a8add555f5706a76e98ec7b242d309d8cc,"Статический поиск, компиляция/тесты согласно logs",Не означает построчное ревью или сквозной тест,MATH-01; OCR-01
app/src/main/java/com/cryonum/ui/components/keyboard/CalculatorKeyboard.kt,6584,a77bc93215330091f43bfbd3b8179476cfa98fd497ec9de4431beb0db6174b2f,"Статический поиск, компиляция/тесты согласно logs",Не означает построчное ревью или сквозной тест,CALC-01–06
app/src/main/java/com/cryonum/ui/components/keyboard/Keyboard.kt,5039,98daadc71529540f0285f63bb9443b5b0e0c87f2a7bd86ff1cf1a82586d0cd18,"Статический поиск, компиляция/тесты согласно logs",Не означает построчное ревью или сквозной тест,
app/src/main/java/com/cryonum/ui/menu/AppBottomNavigation.kt,3915,00908a53f9461c758668d076a6b7bc1d5b5612f9355c182cfc83bbfdb4a86c9a,"Статический поиск, компиляция/тесты согласно logs",Не означает построчное ревью или сквозной тест,
app/src/main/java/com/cryonum/ui/menu/AppDrawer.kt,5286,b8b218210ff1f722f5d3bf6484d84ffc35b8a0037ac6a65de3111a089c3b7a6c,"Статический поиск, компиляция/тесты согласно logs",Не означает построчное ревью или сквозной тест,
app/src/main/java/com/cryonum/ui/styles/AppStyles.kt,1443,7ce9c096a41540ec3fdc931302942a0fe8f0944efbcdc87cbe852fbe5d797841,"Статический поиск, компиляция/тесты согласно logs",Не означает построчное ревью или сквозной тест,
app/src/main/java/com/cryonum/ui/styles/AppThemes.kt,498,3779e89d24167e96715a7537e2c0a8ae5ce47dcad2c7d27f52bbaa6add8cc437,"Статический поиск, компиляция/тесты согласно logs",Не означает построчное ревью или сквозной тест,
app/src/main/java/com/cryonum/ui/theme/Theme.kt,4067,dca98480f275d9943598d8db5ae0849cb25d6e3de548ad692925d6155de1ef0f,"Статический поиск, компиляция/тесты согласно logs",Не означает построчное ревью или сквозной тест,
app/src/main/java/com/cryonum/utils/InputFilter.kt,400,4aac6a2ef66b987042e5596adb205674f3d1ce3808334e6ee0dab0c0c2884e3b,"Статический поиск, компиляция/тесты согласно logs",Не означает построчное ревью или сквозной тест,MATH-01; OCR-01
app/src/main/java/com/cryonum/utils/SecurityUtils.kt,1185,221e0c4ba42e5874126052c9527b40686dff41f4c90a13103bf66bc6b90aaf32,"Статический поиск, компиляция/тесты согласно logs",Не означает построчное ревью или сквозной тест,SEC-01–03
app/src/main/res/drawable/ic_about.xml,1894,13db9e50c5570984e2e34e1258cafe4dd771b62389c0a637a204675beabac168,"XML parser, поиск атрибутов и ссылок",XML корректен; внешний вид/TalkBack не проверены,
app/src/main/res/drawable/ic_arrow_right.xml,470,1aea7d2fbb94bdb01a1a1850d97cb8c4708f95272b4738bed5e9c08d611dfa86,"XML parser, поиск атрибутов и ссылок",XML корректен; внешний вид/TalkBack не проверены,
app/src/main/res/drawable/ic_back.xml,330,082cdc8043746995e5b1933f8281bf400ed2423bb052a7ebf3c6de0acf58de42,"XML parser, поиск атрибутов и ссылок",XML корректен; внешний вид/TalkBack не проверены,
app/src/main/res/drawable/ic_bin.xml,2325,d6705d0d1276f1f2d35bfeb5c6ad28e58362488a0cefc6b0625219639946580f,"XML parser, поиск атрибутов и ссылок",XML корректен; внешний вид/TalkBack не проверены,
app/src/main/res/drawable/ic_camera.xml,1157,998191f21400c45a610353e4c5486b7756199644354589feb74293b2df48ff53,"XML parser, поиск атрибутов и ссылок",XML корректен; внешний вид/TalkBack не проверены,
app/src/main/res/drawable/ic_check.xml,761,cd6bde75fcbd731f0d52afdb97bc965e2d232db01dd52a41f4c623351273fe3a,"XML parser, поиск атрибутов и ссылок",XML корректен; внешний вид/TalkBack не проверены,
app/src/main/res/drawable/ic_delete.xml,809,3c013181ade83bc8d98586fc94f6f46a795bce732aa534e5387c4d10808353ba,"XML parser, поиск атрибутов и ссылок",XML корректен; внешний вид/TalkBack не проверены,
app/src/main/res/drawable/ic_expand.xml,789,ba37d64cc6f27022ca1095a29c5b208911be78aab304378da5f7550a1789f2e3,"XML parser, поиск атрибутов и ссылок",XML корректен; внешний вид/TalkBack не проверены,
app/src/main/res/drawable/ic_gallery.xml,1304,feb647e90455a625121e301fd17d6a5fd5a58d28a4e60bb1832ad0b9d9115570,"XML parser, поиск атрибутов и ссылок",XML корректен; внешний вид/TalkBack не проверены,
app/src/main/res/drawable/ic_help.xml,1187,0b41da7d51f4efbfb567e542a8f27ee970e5c3a1414ecdafa4888a393aae66c9,"XML parser, поиск атрибутов и ссылок",XML корректен; внешний вид/TalkBack не проверены,
app/src/main/res/drawable/ic_history.xml,1444,2fc6a2a051d8a5a4e774e661ce3dd8f56707d031cd522d2f7658f7a48af94ad9,"XML parser, поиск атрибутов и ссылок",XML корректен; внешний вид/TalkBack не проверены,
app/src/main/res/drawable/ic_home.xml,1388,259eb9d63e5712aae3a4bea93afce433922eb2ebd79fd5a99ec012de8bcc8937,"XML parser, поиск атрибутов и ссылок",XML корректен; внешний вид/TalkBack не проверены,
app/src/main/res/drawable/ic_launcher_background.xml,351,94d12614eef6d5d246ca61f460a9abfe67405c04c5f5f4f4983e54cfaeb62799,"XML parser, поиск атрибутов и ссылок",XML корректен; внешний вид/TalkBack не проверены,
app/src/main/res/drawable/ic_logo.png,1160688,2020bc9986ce428a14424c659bd8e8bc31e3fb5c20ecf40044430dc27b280d3c,"Декодирование Pillow, SHA-256",Структура изображения читается; визуальный QA не выполнен,
app/src/main/res/drawable/ic_menu.xml,1571,27c2ebc7e3af75b1d3e1d466e76611bd47635eefad9a358c3e3859605cda4ecc,"XML parser, поиск атрибутов и ссылок",XML корректен; внешний вид/TalkBack не проверены,
app/src/main/res/drawable/ic_narfu_logo.webp,31614,f4452f59c56f5d3ea657113e61c4e808df88cfa78c992d790d3c9b4a4cdf81b3,"Декодирование Pillow, SHA-256",Структура изображения читается; визуальный QA не выполнен,
app/src/main/res/drawable/ic_partner_metko.webp,42858,b4a9d3c93338c628afe94c30fa93a8a536648c0564fdc6440e72b9638f0fa6ad,"Декодирование Pillow, SHA-256",Структура изображения читается; визуальный QA не выполнен,
app/src/main/res/drawable/ic_partners.xml,3111,da6c2e5fe1ee4cd906e45bd3b9d23fe4b8bcb48404ad35c8ac001f7ec9fc7fc3,"XML parser, поиск атрибутов и ссылок",XML корректен; внешний вид/TalkBack не проверены,
app/src/main/res/drawable/ic_reference_material.xml,8778,b05eeb12f248025cb5538f61daf53a0c63d6f1296fc37cfc97d5a56326703c77,"XML parser, поиск атрибутов и ссылок",XML корректен; внешний вид/TalkBack не проверены,
app/src/main/res/drawable/ic_schedule.xml,2622,4ef373ec61281d77ccdc4409c170fe520527dc1573d45f5a18da2e63b650ae75,"XML parser, поиск атрибутов и ссылок",XML корректен; внешний вид/TalkBack не проверены,
app/src/main/res/drawable/ic_search.xml,826,2afac4a9aa46ea1d42b054e09c5154368c273ea263e258607f3e661fefef91d9,"XML parser, поиск атрибутов и ссылок",XML корректен; внешний вид/TalkBack не проверены,
app/src/main/res/drawable/ic_settings.xml,4439,79c3eaeb2ffedf4c30c284d70a934f7c2bb74312f1d26c603ccc25b22f83faef,"XML parser, поиск атрибутов и ссылок",XML корректен; внешний вид/TalkBack не проверены,
app/src/main/res/drawable/ic_telegram.webp,9822,576660fdc129cddf6cee4b911be598fd7ee0ffd40bc28eab2da85b59f6face6f,"Декодирование Pillow, SHA-256",Структура изображения читается; визуальный QA не выполнен,
app/src/main/res/mipmap-anydpi-v26/ic_launcher.xml,333,3fa8b8e5fd786987da2f43419f74e94fb28f56adf0bf553797ccdcf3d6d6e290,"XML parser, поиск атрибутов и ссылок",XML корректен; внешний вид/TalkBack не проверены,
app/src/main/res/mipmap-anydpi-v26/ic_launcher_round.xml,333,3fa8b8e5fd786987da2f43419f74e94fb28f56adf0bf553797ccdcf3d6d6e290,"XML parser, поиск атрибутов и ссылок",XML корректен; внешний вид/TalkBack не проверены,
app/src/main/res/mipmap-hdpi/ic_launcher.webp,3118,53d2e9223236cedc33a227eefdc57d5280f7ec9405f62eacacbc4ea45282304c,"Декодирование Pillow, SHA-256",Структура изображения читается; визуальный QA не выполнен,
app/src/main/res/mipmap-hdpi/ic_launcher_foreground.webp,7132,367a78562421bc013881abb929513eb34da2d71e9368b916820f33335c229d54,"Декодирование Pillow, SHA-256",Структура изображения читается; визуальный QA не выполнен,
app/src/main/res/mipmap-hdpi/ic_launcher_round.webp,5336,e0c39a0adb6b12c80ede02595b0fa8a41f19da71cf1b1d9f4b6430e959ec0c4d,"Декодирование Pillow, SHA-256",Структура изображения читается; визуальный QA не выполнен,
app/src/main/res/mipmap-mdpi/ic_launcher.webp,1720,028d1e4f5cd1efb59e024b5f417a82f979753a2c6fe09b2dd5be3a3be59851de,"Декодирование Pillow, SHA-256",Структура изображения читается; визуальный QA не выполнен,
app/src/main/res/mipmap-mdpi/ic_launcher_foreground.webp,3582,028f898f2d8bf291ac0ce1f55ac7f01c7af6d584169be21a893552ec706b0729,"Декодирование Pillow, SHA-256",Структура изображения читается; визуальный QA не выполнен,
app/src/main/res/mipmap-mdpi/ic_launcher_round.webp,3160,2bb33bef38c17e13cd2098b972f3893b7a10574c1254e579e68a6e6038658cb1,"Декодирование Pillow, SHA-256",Структура изображения читается; визуальный QA не выполнен,
app/src/main/res/mipmap-xhdpi/ic_launcher.webp,4610,6cf2dd0ba0c469b869bad313326969c408495b2df7da88c979cb99f4dcd623ef,"Декодирование Pillow, SHA-256",Структура изображения читается; визуальный QA не выполнен,
app/src/main/res/mipmap-xhdpi/ic_launcher_foreground.webp,10518,b60b3cf6fb253ff2a953a3ee73c5e1186a5af4e3d08b952e3544e954f5a86d5c,"Декодирование Pillow, SHA-256",Структура изображения читается; визуальный QA не выполнен,
app/src/main/res/mipmap-xhdpi/ic_launcher_round.webp,8296,f8579e0ccea1998626b08682a280e106abb48c7714214b71a94d4e4150181ff3,"Декодирование Pillow, SHA-256",Структура изображения читается; визуальный QA не выполнен,
app/src/main/res/mipmap-xxhdpi/ic_launcher.webp,7968,a6290c69e91b2597831afe8643215ed9236b65b1fa35c553c9f1d8c6580fb9a1,"Декодирование Pillow, SHA-256",Структура изображения читается; визуальный QA не выполнен,
app/src/main/res/mipmap-xxhdpi/ic_launcher_foreground.webp,19802,fea315513a40d036242d22bf071a71951c66992b2d600f81af04b998a2242978,"Декодирование Pillow, SHA-256",Структура изображения читается; визуальный QA не выполнен,
app/src/main/res/mipmap-xxhdpi/ic_launcher_round.webp,14080,07d77f526ade4f3555d74ad99e6f3f49c578dcacd6e3acc641845a1d2985982b,"Декодирование Pillow, SHA-256",Структура изображения читается; визуальный QA не выполнен,
app/src/main/res/mipmap-xxxhdpi/ic_launcher.webp,12066,25894c815ce5b0f51b366a5743040334b013660a86b70e3e380d010a3113d07f,"Декодирование Pillow, SHA-256",Структура изображения читается; визуальный QA не выполнен,
app/src/main/res/mipmap-xxxhdpi/ic_launcher_foreground.webp,32478,af150dc7d8c926261a1cab116cd689ef0082e0b9583f38c0397d22afca7d10cd,"Декодирование Pillow, SHA-256",Структура изображения читается; визуальный QA не выполнен,
app/src/main/res/mipmap-xxxhdpi/ic_launcher_round.webp,20644,038be8e8f0589a9972f228abb934af1a69c1fd4cfffc6133fd41609abd1565a9,"Декодирование Pillow, SHA-256",Структура изображения читается; визуальный QA не выполнен,
app/src/main/res/values-de/string.xml,17938,3a5582ea2670e0f26d9111c2ab25a0ca9a065254ab0fa166c3cbf151fc862218,"XML parser, поиск атрибутов и ссылок",XML корректен; внешний вид/TalkBack не проверены,
app/src/main/res/values-en/string.xml,16804,db9801f2396ebf5773419d2d0572060127b23bc1b248418af38cb512a64877f1,"XML parser, поиск атрибутов и ссылок",XML корректен; внешний вид/TalkBack не проверены,
app/src/main/res/values-fr/string.xml,18508,7720cc75286a01c671d0a3bdc86318292c806d14b24ff8dce1ca40fa36b1d3b7,"XML parser, поиск атрибутов и ссылок",XML корректен; внешний вид/TalkBack не проверены,
app/src/main/res/values-night/themes.xml,520,194f38f03f94426b3f9ab45300b1f7408f44d15080915ccff436ed55796651e2,"XML parser, поиск атрибутов и ссылок",XML корректен; внешний вид/TalkBack не проверены,
app/src/main/res/values/attrs.xml,114,e5de75db55a33b189ce6b0ff8122bfe6a692e7f20870a8ac8a56a9402fed0f9a,"XML parser, поиск атрибутов и ссылок",XML корректен; внешний вид/TalkBack не проверены,
app/src/main/res/values/colors.xml,121,383e798968711ba2d8ea60d4836c6572707edbb8e17743b3959fc0f7d8c549c7,"XML parser, поиск атрибутов и ссылок",XML корректен; внешний вид/TalkBack не проверены,
app/src/main/res/values/ids.xml,567,9d8240aeb6ff7d1e3726e063949efeabcac8d80a2b74a05f31368dc327de6a02,"XML parser, поиск атрибутов и ссылок",XML корректен; внешний вид/TalkBack не проверены,
app/src/main/res/values/strings.xml,22375,0cd2c6cb8461b0068f0c22d73119464bfe3932810db03053716f53f4dcb8b749,"XML parser, поиск атрибутов и ссылок",XML корректен; внешний вид/TalkBack не проверены,
app/src/main/res/values/themes.xml,1842,5ddfe5935fd2694231dc0b98cae12b195cec5527e7b541881254d432836c5aa7,"XML parser, поиск атрибутов и ссылок",XML корректен; внешний вид/TalkBack не проверены,
app/src/main/res/xml/backup_rules.xml,1288,af009bd757a0289eeda735a64b7d8f4d386bb475028dcbda969274e9aa2e156f,"XML parser, поиск атрибутов и ссылок",XML корректен; внешний вид/TalkBack не проверены,
app/src/main/res/xml/data_extraction_rules.xml,2399,7b7fb34f08309458d5c4986f07abda8c50219ab32122000bcc2803ecc71f0df6,"XML parser, поиск атрибутов и ссылок",XML корректен; внешний вид/TalkBack не проверены,
app/src/main/res/xml/file_paths.xml,104,fa94ee4be5c789717943c4486577a3718a5cbbe8c38bd1bdd720de890641f94e,"XML parser, поиск атрибутов и ссылок",XML корректен; внешний вид/TalkBack не проверены,
app/src/main/res/xml/network_security_config.xml,146,dea35ebed76536c24c13f74036f02dc874f944147cb3a49c2ad0550f71e3e0c7,"XML parser, поиск атрибутов и ссылок",XML корректен; внешний вид/TalkBack не проверены,
app/src/test/java/com/cryonum/AuditDomainTests.kt,1563,be9c96829e33ce8021bc81cb5315ea8378410af3eab2b02aab95d0deaaac44d9,"Статический поиск, компиляция/тесты согласно logs",Не означает построчное ревью или сквозной тест,
app/src/test/java/com/cryonum/CalculatorEngineTests.kt,3700,3d915dc4579a0b469d1bcec7ae2607f85c5c4b6a0c505db71006f770ea5a372d,"Статический поиск, компиляция/тесты согласно logs",Не означает построчное ревью или сквозной тест,CALC-01–06
app/src/test/java/com/cryonum/ExampleUnitTest.kt,185,d15b8b450fc6312c65a79a9b4d401ba09a2c719895662869f7c25d1471e3fa7a,"Статический поиск, компиляция/тесты согласно logs",Не означает построчное ревью или сквозной тест,
app/src/test/java/com/cryonum/ThemeManagerTests.kt,1471,9a546ab12680976c6cf0d17a70efc3d202bf181aaf72fa40ba5fc52c4db865f5,"Статический поиск, компиляция/тесты согласно logs",Не означает построчное ревью или сквозной тест,
app/src/test/java/com/cryonum/content/ApprovedContentUrlPolicyTest.kt,3919,99a802b67fb6a2dbb4504c47958b9d99cb8da945958b675f6fd735192a74cf93,"Статический поиск, компиляция/тесты согласно logs",Не означает построчное ревью или сквозной тест,CONTENT-01–05
app/src/test/java/com/cryonum/content/CancellableHttpTest.kt,1050,603c4337a0364d56e45bf45d9ab760e404010f9459d1897db38e10a7c39dd790,"Статический поиск, компиляция/тесты согласно logs",Не означает построчное ревью или сквозной тест,CONTENT-01–05
app/src/test/java/com/cryonum/content/ContentHttpValidatorMockWebServerTest.kt,5736,c61411639c823645f2cca0807683d12abb4fb6148fa8be245e6c67fc5276b812,"Статический поиск, компиляция/тесты согласно logs",Не означает построчное ревью или сквозной тест,CONTENT-01–05
app/src/test/java/com/cryonum/content/ContentIntegrityVerifierTest.kt,3326,e6aa16efb3295ca10fea109276ec1ce3271c7a2021ff55fd47d4bd9c1da5f804,"Статический поиск, компиляция/тесты согласно logs",Не означает построчное ревью или сквозной тест,CONTENT-01–05
app/src/test/java/com/cryonum/content/ContentStorageMigrationTest.kt,1908,4f981f209d070ef6ab0c1ad1e5aa6107f8c863708846aa3ea1dfb165f289470f,"Статический поиск, компиляция/тесты согласно logs",Не означает построчное ревью или сквозной тест,CONTENT-01–05
app/src/test/java/com/cryonum/content/PolicyConfigParserTest.kt,2926,aef539182a87f43a413cf17521483eeed58df464844292752e6a63b8a896f84d,"Статический поиск, компиляция/тесты согласно logs",Не означает построчное ревью или сквозной тест,CONTENT-01–05
app/src/test/java/com/cryonum/content/SignedContentManifestVerifierTest.kt,6373,ef01043b6f304cf7081e89d5a8ab8c07b05a76d9f30fb1a114eb885875b9f363,"Статический поиск, компиляция/тесты согласно logs",Не означает построчное ревью или сквозной тест,CONTENT-01–05
app/src/test/java/com/cryonum/links/RemoteLinksConfigParserTest.kt,1722,cd4090deec397165712fd001a458a56a939ff90fda5ddbefe4da7906f04f8ad0,"Статический поиск, компиляция/тесты согласно logs",Не означает построчное ревью или сквозной тест,
app/src/test/java/com/cryonum/links/RemoteLinksRepositoryTest.kt,2085,b6afd194c752908abc1b3ee0e97bb35f8ade67ebc8c7d1a43356f800e0de2357,"Статический поиск, компиляция/тесты согласно logs",Не означает построчное ревью или сквозной тест,
app/src/test/java/com/cryonum/links/RemoteLinksServiceMockWebServerTest.kt,1931,5d8d95435650be4a1e472d78f611b7bb8260d220056df357b2544ce75fa1ca77,"Статический поиск, компиляция/тесты согласно logs",Не означает построчное ревью или сквозной тест,
build.gradle.kts,425,2ba627d81cdfe9f4f073bd2dd58e362c0653387fa5bb42ede3a37c363265e0fc,"Текстовый просмотр/поиск, SHA-256",Область проверки указана в отчёте,
docs/ARCHITECTURE.md,5661,a0f10994bb60851358c4764f53bd049026e35af03af84c37aad5a7e55a7325e2,"Текстовый просмотр/поиск, SHA-256",Область проверки указана в отчёте,
docs/CALCULATOR.md,9945,c7cbc726b263fb899101f7fb4cb6a560059b461db38a878b58e5b5eb312c7a59,"Текстовый просмотр/поиск, SHA-256",Область проверки указана в отчёте,
docs/DATA_AND_PRIVACY.md,6967,a8a8b90a05ef9093cf4e568d08eac47a4dd9ce998d545a1d4be9d7945fb15827,"Текстовый просмотр/поиск, SHA-256",Область проверки указана в отчёте,
docs/PERFORMANCE.md,5586,83a438aaa2b850b902e6ee0fba9bdaa16d4253b1417a113797e8dd701d90bb23,"Текстовый просмотр/поиск, SHA-256",Область проверки указана в отчёте,
docs/R2_CONTENT_SETUP.md,8276,4b6227152fc004a0fee06054ef14b2911f94b62fdaf9402aa906bd38ea46977e,"Текстовый просмотр/поиск, SHA-256",Область проверки указана в отчёте,
docs/RELEASE.md,4226,d23dc0d1522cf1adf8db2ffd51c94b4ae217c970e9aa9d9ea3a2ce84cd75a1e3,"Текстовый просмотр/поиск, SHA-256",Область проверки указана в отчёте,
docs/TESTING_AND_SECURITY.md,11355,54aaecaad3b573464f2e991951329f0489dfd010298a176a923c4841459aea85,"Текстовый просмотр/поиск, SHA-256",Область проверки указана в отчёте,
docs/audit/FINDINGS.md,40549,8eb605a58e77fc0fd1c73d64b2a045a590e5a33612293e87bda2d1d63be6f2d2,"Текстовый просмотр/поиск, SHA-256",Область проверки указана в отчёте,
docs/audit/REPORT.md,15495,5c82b4b3ac6ee9e96fd16a283a52363203745d2ed111db477705516cf14a0eac,"Текстовый просмотр/поиск, SHA-256",Область проверки указана в отчёте,
docs/audit/coverage.csv,generated,self,Сформирован этим скриптом,Хеш самоссылочного реестра неприменим,
docs/audit/logs/artifacts.json,7916,ac06b46999d096274b817ff9852b50049d05c95c6c0393ced7e94bab15aec6b6,"Текстовый просмотр/поиск, SHA-256",Область проверки указана в отчёте,
docs/audit/logs/baseline-build.log,4750,5c1ae6d539fe0db963bcd8e18bc4feb31a8134d682946bd9e6cf2d93f96f6296,"Текстовый просмотр/поиск, SHA-256",Область проверки указана в отчёте,
docs/audit/logs/baseline-calculator.log,439,d72e57dfb8b27a8212270591f7297609d71518fbfd0cd4883647999b4ad81889,"Текстовый просмотр/поиск, SHA-256",Область проверки указана в отчёте,
docs/audit/logs/baseline-gradle.log,2533,3fede2130751da285cc6048b88fa665b2b6ba4932eaba1f1e35d5964c2c5d8ac,"Текстовый просмотр/поиск, SHA-256",Область проверки указана в отчёте,
docs/audit/logs/baseline-integer-overflow.log,1318,08bc24481d0b7fe7cc730f5d71e23ea401a6393648005e4424257d7d5ccf751a,"Текстовый просмотр/поиск, SHA-256",Область проверки указана в отчёте,
docs/audit/logs/build-after.log,8149,1cd8144514fa0024ceafa3458d7652d3c6b1754eff4391b7df29d2c370025b4b,"Текстовый просмотр/поиск, SHA-256",Область проверки указана в отчёте,
docs/audit/logs/build-local-audit.log,8835,260491e359faa8af6d1f2fd0c1f71850dbcd08df11b9ca4aa34dad467651e316,"Текстовый просмотр/поиск, SHA-256",Область проверки указана в отчёте,
docs/audit/logs/code-commits.txt,370,fdc4d51f4934a7b14951985fec01585c19943c7e1f5d23206bda7fe41e56411f,"Текстовый просмотр/поиск, SHA-256",Область проверки указана в отчёте,
docs/audit/logs/code-diff-check.txt,0,e3b0c44298fc1c149afbf4c8996fb92427ae41e4649b934ca495991b7852b855,"Текстовый просмотр/поиск, SHA-256",Область проверки указана в отчёте,
docs/audit/logs/code-diff-stat.txt,4203,dd4f35974d413e677711cc6bb868fc8e22fc0d0a89ef77a00a89b5e1d09ead0e,"Текстовый просмотр/поиск, SHA-256",Область проверки указана в отчёте,
docs/audit/logs/commands.txt,2416,d514e0fdf78e33d1a636db79b9398a1c075de8d686396cf39ee6f2a99a96981d,"Текстовый просмотр/поиск, SHA-256",Область проверки указана в отчёте,
docs/audit/logs/differential.log,79,9b1df4f512c5e720f988564f793e9f547b61e868885833d62db769304c705f9f,"Текстовый просмотр/поиск, SHA-256",Область проверки указана в отчёте,
docs/audit/logs/environment.json,2293,9d24fd9eb84eaa87db9d1ca8996d9d0ae14bde087f725dc3221d15fd990a3460,"Текстовый просмотр/поиск, SHA-256",Область проверки указана в отчёте,
docs/audit/logs/final-build.log,12522,6f5f8473c29a8a94ab42878f924e8b710216a47a4074286266d3dc6961be31ec,"Текстовый просмотр/поиск, SHA-256",Область проверки указана в отчёте,
docs/audit/logs/final-verification.log,13617,c5b08d52bec969d9540241f4696dad20da91acce6f12f19d2920c7af81b60386,"Текстовый просмотр/поиск, SHA-256",Область проверки указана в отчёте,
docs/audit/logs/gradle-checksum.txt,137,f9bd4a6a2c00af77c26f8f0d0fc5841c2decac40e678c49bf8e38da39b321ea3,"Текстовый просмотр/поиск, SHA-256",Область проверки указана в отчёте,
docs/audit/logs/host-tests.log,66,80bfedb7c1f7e593c34f5a7af3621a9a63f2544d11869ed21f57edb7326233b6,"Текстовый просмотр/поиск, SHA-256",Область проверки указана в отчёте,
docs/audit/logs/incremental-compiler-failure.log,10788,eb1a7c1e8865689a9ee3402a2d9a8091c1cd753c10ee677ec63c179464220028,"Текстовый просмотр/поиск, SHA-256",Область проверки указана в отчёте,
docs/audit/logs/integration/links.headers,1634,fbfd94c1d36d57fc7fc2dc8f87e4ad6c02e847683f96a00b0a0dec7e2508855b,"Текстовый просмотр/поиск, SHA-256",Область проверки указана в отчёте,
docs/audit/logs/integration/links.json,753,76ee274ccde69811ffbe6ae052ab2b880ee3f8e966c252992007d6a2aec9687c,"Текстовый просмотр/поиск, SHA-256",Область проверки указана в отчёте,
docs/audit/logs/integration/manifest.headers,797,4410f21514cdb3e397e50594ebb1ba7fde5246adf2075caab6822989559d0bcb,"Текстовый просмотр/поиск, SHA-256",Область проверки указана в отчёте,
docs/audit/logs/integration/manifest.json,6049,c40703d8b1fd14c109855afb139f1adbcae83198744ba771f5e2d8da12a81893,"Текстовый просмотр/поиск, SHA-256",Область проверки указана в отчёте,
docs/audit/logs/integration/pdf-read-check.json,2641,0def19e8ec083d93d1cd009995b24f7c9a150ad20038b7fdc23e4670a2c3c3a6,"Текстовый просмотр/поиск, SHA-256",Область проверки указана в отчёте,
docs/audit/logs/integration/policy.headers,1632,577852707e29f4bd52139a3dd500c16c851b413a3a1453da89a6e30a345af964,"Текстовый просмотр/поиск, SHA-256",Область проверки указана в отчёте,
docs/audit/logs/integration/policy.json,283,576723100797dd9b82c886c104c96a23e4fd4945631b2046fac552e3638100c8,"Текстовый просмотр/поиск, SHA-256",Область проверки указана в отчёте,
docs/audit/logs/inventory.log,282,d13d266a2f7f66377631fc961b44dc944f68e15320941c65f2cd5da74df0e758,"Текстовый просмотр/поиск, SHA-256",Область проверки указана в отчёте,
docs/audit/logs/merged-manifest.json,7187,7b78e6ff65fecd3b10d15e8fecc04d1908eec049ceec70eb0e695f9cb80173da,"Текстовый просмотр/поиск, SHA-256",Область проверки указана в отчёте,
docs/audit/logs/python-tests.log,572,046a4706f3e4186018cc8c755b09efe954e1f3a17068d9312918a8558c69da5a,"Текстовый просмотр/поиск, SHA-256",Область проверки указана в отчёте,
docs/audit/logs/release-local-audit.log,10765,e9f8004657a6357c2e46d57c213cb286f441501b5777d8a198c2add74d49a83c,"Текстовый просмотр/поиск, SHA-256",Область проверки указана в отчёте,
docs/audit/logs/remote-master2.txt,60,07948558251d2d76516e214eccba0b96c4bd2c0b8fa88c471a63bf373a009fd6,"Текстовый просмотр/поиск, SHA-256",Область проверки указана в отчёте,
docs/audit/logs/report-collection.log,4136,d09114c0dba7f5b935079b0e7310be24848b48fae7e2be85f65f7349ffc294a3,"Текстовый просмотр/поиск, SHA-256",Область проверки указана в отчёте,
docs/audit/logs/sdk-install.log,673,fd6aa34728e2d76f59c5fd095ce432c23da9f02f92af5fc4f0480bd545c761ca,"Текстовый просмотр/поиск, SHA-256",Область проверки указана в отчёте,
docs/audit/logs/sdk-licenses.log,119564,5a95abfe0c35472dfb2334de944873aab95966663769310125452caa07bc14b7,"Текстовый просмотр/поиск, SHA-256",Область проверки указана в отчёте,
docs/audit/logs/secret-pattern-scan.json,205,929974877adda0dc0699b64670161fcb23cbfc3dc7a3a84454345112b78a123b,"Текстовый просмотр/поиск, SHA-256",Область проверки указана в отчёте,
docs/audit/logs/static-hotspots.txt,13144,0471518c884226306cf164f1729605a915361929ef8014bca5484160c73329c4,"Текстовый просмотр/поиск, SHA-256",Область проверки указана в отчёте,
docs/audit/reports/TEST-com.cryonum.AuditDomainTests.xml,631,aed1559bd384934a55df769ea8cc3c5c20b7e03137f8a468b4f09954a697762c,"XML parser, поиск атрибутов и ссылок",XML корректен; внешний вид/TalkBack не проверены,
docs/audit/reports/TEST-com.cryonum.CalculatorEngineTests.xml,1620,ff6e4d93c4d159aa4e8aa82a7d44f706423da93e97529185efb7af7ef22f3e8b,"XML parser, поиск атрибутов и ссылок",XML корректен; внешний вид/TalkBack не проверены,
docs/audit/reports/TEST-com.cryonum.ExampleUnitTest.xml,401,8128ee8200432072664e5dc3e73535f439879e3bce8aea634fc2237a1cc9965a,"XML parser, поиск атрибутов и ссылок",XML корректен; внешний вид/TalkBack не проверены,
docs/audit/reports/TEST-com.cryonum.ThemeManagerTests.xml,628,7796485b7fefa78c8d42be9154e44493453f9d2358432fe77cb8cee24c5fc42d,"XML parser, поиск атрибутов и ссылок",XML корректен; внешний вид/TalkBack не проверены,
docs/audit/reports/TEST-com.cryonum.content.ApprovedContentUrlPolicyTest.xml,1702,c718ea412ebefa79d7cc75f0624621741581d231d5f1901488c41a1990967d41,"XML parser, поиск атрибутов и ссылок",XML корректен; внешний вид/TalkBack не проверены,
docs/audit/reports/TEST-com.cryonum.content.CancellableHttpTest.xml,5862,623543a859c49ddfe038f6594e8f1fae20b540f750d3c511a19c96f6914e920a,"XML parser, поиск атрибутов и ссылок",XML корректен; внешний вид/TalkBack не проверены,
docs/audit/reports/TEST-com.cryonum.content.ContentHttpValidatorMockWebServerTest.xml,2128,222ef6aa02209bd399753af7612998cba1dbff23c8ee31990367bc476ffcf7fb,"XML parser, поиск атрибутов и ссылок",XML корректен; внешний вид/TalkBack не проверены,
docs/audit/reports/TEST-com.cryonum.content.ContentIntegrityVerifierTest.xml,1253,939d3733441b05f133b4d025b52aab4b70cfe346b74dac8ee0386abf956bf9f3,"XML parser, поиск атрибутов и ссылок",XML корректен; внешний вид/TalkBack не проверены,
docs/audit/reports/TEST-com.cryonum.content.ContentStorageMigrationTest.xml,625,27fa3ff77b42ef7b403db0ce49c48d44d1ec997aa4e89496fe003763bc05ad6c,"XML parser, поиск атрибутов и ссылок",XML корректен; внешний вид/TalkBack не проверены,
docs/audit/reports/TEST-com.cryonum.content.PolicyConfigParserTest.xml,940,14abee1f97ebd229e8c3abc37048901f40c34d89a70d9b8538484be7b8e21684,"XML parser, поиск атрибутов и ссылок",XML корректен; внешний вид/TalkBack не проверены,
docs/audit/reports/TEST-com.cryonum.content.SignedContentManifestVerifierTest.xml,2111,ba4d71208cd990226b71ee488c58a70a7bee137448700ac59e06c23e27b98393,"XML parser, поиск атрибутов и ссылок",XML корректен; внешний вид/TalkBack не проверены,
docs/audit/reports/TEST-com.cryonum.links.RemoteLinksConfigParserTest.xml,1137,531e8f069958ba737677659b937da3b904df326eceaec30d121cb65222dd20ea,"XML parser, поиск атрибутов и ссылок",XML корректен; внешний вид/TalkBack не проверены,
docs/audit/reports/TEST-com.cryonum.links.RemoteLinksRepositoryTest.xml,690,363ccbcfe2b7e8da5906463c6a12dbd0ad8145d88e6d316880d00f31dee6416a,"XML parser, поиск атрибутов и ссылок",XML корректен; внешний вид/TalkBack не проверены,
docs/audit/reports/TEST-com.cryonum.links.RemoteLinksServiceMockWebServerTest.xml,704,d15d677ad33990b81ec73e8ccd6aa83991e761f288499e0add4f835592c9d967,"XML parser, поиск атрибутов и ссылок",XML корректен; внешний вид/TalkBack не проверены,
docs/audit/reports/lint-results-debug.html,294777,bc6c56f2833229068a2032300ae989a1ed95e2e780a893a8b446024ee08b6e54,"Текстовый просмотр/поиск, SHA-256",Область проверки указана в отчёте,
docs/audit/reports/lint-results-debug.txt,61041,ad9fc038adf361bd1b014fd1cda521d9dbddd390460d03a559c2bd720626f121,"Текстовый просмотр/поиск, SHA-256",Область проверки указана в отчёте,
docs/audit/reports/lint-results-debug.xml,149034,b756b3b858ef2c4b2015ed274f791a6b5cfefb87de21447c0e8f9b908cd8c301,"XML parser, поиск атрибутов и ссылок",XML корректен; внешний вид/TalkBack не проверены,
docs/audit/reports/lint-results-release.html,297523,86f9863047dbe0eae73cf5db4ad06e4b08c852d3afd0fcec90b64b388a7f22d8,"Текстовый просмотр/поиск, SHA-256",Область проверки указана в отчёте,
docs/audit/reports/lint-results-release.txt,61772,5c028dc816ef5aca56f4be3e17a281abc7ab7584f44ffa776a25487b77d54ed2,"Текстовый просмотр/поиск, SHA-256",Область проверки указана в отчёте,
docs/audit/reports/lint-results-release.xml,150023,cc02b1c5cc38d8cd714d7517d9d098de7e8723d05ded708e74e25e7111a3bb11,"XML parser, поиск атрибутов и ссылок",XML корректен; внешний вид/TalkBack не проверены,
docs/audit/reports/merged-manifest-debug.xml,15827,3b6de803caa0c155f3a2a2e1d7ad79182ff2c791aa0f573ab75590614ccd56e7,"XML parser, поиск атрибутов и ссылок",XML корректен; внешний вид/TalkBack не проверены,
docs/audit/reports/merged-manifest-release.xml,15468,5852c948fb4817423eb52be8e931868ba6ab27bd61eb10fb1e9a630d6f4db912,"XML parser, поиск атрибутов и ссылок",XML корректен; внешний вид/TalkBack не проверены,
docs/third-party/commons-math3/LICENSE.txt,24038,64f23963615950bad9ddd31569a7f09afbbe11b81d94873ffd9b1cac6081a11d,"Текстовый просмотр/поиск, SHA-256",Область проверки указана в отчёте,
docs/third-party/commons-math3/NOTICE.txt,324,5495442a32bfc2b93b4a8f2c34c5c218d16cca434aa5684fb953d9419120e3fa,"Текстовый просмотр/поиск, SHA-256",Область проверки указана в отчёте,
gradle.properties,1131,48480f116ffd8dd9f992e654b52d049922a34a29d284e17bffc30fc3e9d021ae,"Текстовый просмотр/поиск, SHA-256",Область проверки указана в отчёте,
gradle/libs.versions.toml,4812,8ba8bb91fc82ebce53f146cce867692bebb1ffb8e4465f0c87e44b1ad14b1f47,"Текстовый просмотр/поиск, SHA-256",Область проверки указана в отчёте,
gradle/wrapper/gradle-wrapper.jar,59203,e996d452d2645e70c01c11143ca2d3742734a28da2bf61f25c82bdc288c9e637,"SHA-256, исполнение Gradle Wrapper",Работает; происхождение wrapper отдельно не удостоверено,
gradle/wrapper/gradle-wrapper.properties,320,0995f871731e7d24c3a3ae4e6e4c12b4d9dcf7d34cb84b471abc0c1ce8541f16,"Текстовый просмотр/поиск, SHA-256",Область проверки указана в отчёте,
gradlew,5766,63135287117a1e6d12c84580f1f49c61d1ba02218ecd28660605e97f976e7d65,"Текстовый просмотр/поиск, SHA-256",Область проверки указана в отчёте,
gradlew.bat,2674,c46a27c79007746de5922b17abb6230d64ad8b1ba3ad1585ee5c6543c2a9b129,"Текстовый просмотр/поиск, SHA-256",Область проверки указана в отчёте,
settings.gradle.kts,745,d934e36bced1cf9aceb4f31c51989c167cc84be14d5c0c5bd0f38d0dd2dc60d3,"Текстовый просмотр/поиск, SHA-256",Область проверки указана в отчёте,
tools/audit/collect_reports.py,2270,7be22a2bec6f95f8ab8d07a1af7e4d2b6bcc4fe38b47033b1213718907a04d21,"Чтение сценария, Python compile; tests по logs",Синтаксис корректен; R2 --apply не выполнялся,
tools/audit/differential.py,2400,d06af8f04667ed4474f61d4232865b035ebf9af090a9dfa6bf8a1c7b5368486b,"Чтение сценария, Python compile; tests по logs",Синтаксис корректен; R2 --apply не выполнялся,
tools/audit/inventory.py,3593,c0830b089b8fd5fd050bd23ec0a4e43d86b6b307b6dce842ea0b9f0263b89b75,"Чтение сценария, Python compile; tests по logs",Синтаксис корректен; R2 --apply не выполнялся,
tools/audit/reproduce_baseline.py,1655,6284291f273a4553e73da945898ff762834b5e08238ccf896e34c4a099e67600,"Чтение сценария, Python compile; tests по logs",Синтаксис корректен; R2 --apply не выполнялся,
tools/audit/reproduce_integer_overflow.py,1994,ec40ddefc1f99b8d5055c4401c46a3e2e5d3122dd9e06aa64463dffe045029a1,"Чтение сценария, Python compile; tests по logs",Синтаксис корректен; R2 --apply не выполнялся,
tools/audit/run_host_tests.py,1115,677ca509e24402794d63880447525e9a95f5f40011491a00417d8a046a57ca8a,"Чтение сценария, Python compile; tests по logs",Синтаксис корректен; R2 --apply не выполнялся,
tools/build_signed_content_manifest.py,7163,a1c41dfee63f764fce73c58c165d1dcc30cce6ef9efd7b227a9d943f4ab0fef0,"Чтение сценария, Python compile; tests по logs",Синтаксис корректен; R2 --apply не выполнялся,
tools/migrate_r2_layout.py,13553,7b6ed5e28701ded973666f8628dc98f45a16dc2ad8d3a70709a21545831ee3d0,"Чтение сценария, Python compile; tests по logs",Синтаксис корректен; R2 --apply не выполнялся,
tools/tests/test_migrate_r2_layout.py,1828,cd1d7355ac90e34e6c2b70115e83572a816b186d421aa574b9c0b28665cdc06a,"Чтение сценария, Python compile; tests по logs",Синтаксис корректен; R2 --apply не выполнялся,
